"Id","Label","name","description","followers_count","statuses_count","friends_count","created_at","location"
"102803242","USCCareerCenter","USC Career Center","Providing exceptional career services to all members of the #USC Trojan Family.",8988,8319,1225,"Thu Jan 07 22:00:57 +0000 2010","Los Angeles, CA"
"1032744313044664320","Dr_Wanda_Austin","Wanda Austin","Archive of tweets from Dr. Wanda M. Austin, sent during her time as Interim President of @USC. This account is no longer active.",1146,225,92,"Thu Aug 23 21:40:06 +0000 2018","Los Angeles, CA"
"1059724356","JoeySaraceno","Joey Saraceno","@Meta UX Researcher | @USC PhD l @UCLA Alum | he/him üè≥Ô∏è‚Äçüåà",222,648,243,"Fri Jan 04 06:40:15 +0000 2013","Los Angeles, CA"
"1091603888623370240","EdwardG74882741","Edward Gonzalez","USC POIR PhD Candidate. Student of political philosophy, comparative politics, and international relations. Future professor of international relations.",193,896,248,"Sat Feb 02 07:47:02 +0000 2019","California, USA"
"1110663509862289409","PresidentFolt","Carol Folt","President of the University of Southern California",12383,1872,137,"Tue Mar 26 22:03:10 +0000 2019","Los Angeles, CA"
"112448318","BJPolS","British Jnl Poli Sci","British Journal of Political Science from Cambridge University Press.",18810,7332,1498,"Mon Feb 08 14:52:14 +0000 2010","Cambridge"
"1137637033","AJPS_Editor","AJPS","American Journal of Political Science - AJPS Co-Editors Kathy Dolan and Jennifer Lawless",17873,783,41,"Thu Jan 31 18:42:30 +0000 2013",""
"114865774","USCGouldLaw","USC Gould Law","A top-20 law school, USC Gould offers students a world-class education and unparalleled opportunities.",8615,10537,2808,"Tue Feb 16 21:24:55 +0000 2010","Los Angeles, CA"
"1154264445117325312","RaqCenteno","Raquel Centeno","PhD candidate @uscpoir | partisan polarization + identity + experiments + surveys | @callutheran alum | motherly figure to 1 cat | she/her",341,529,423,"Thu Jul 25 05:37:43 +0000 2019","Los Angeles, California"
"116630713","monkeycageblog","The Monkey Cage (TMC)","Political science for the public. Making sense of the circus that is politics. Newsletter: https://t.co/pryxWj0hdI.",56947,25992,770,"Tue Feb 23 03:53:00 +0000 2010",""
"1170012108","CESRUSC","CESR","We conduct basic and applied research in economics and social sciences.  We also built the Understanding America Study, an 9000+ national online panel",841,585,544,"Mon Feb 11 21:01:26 +0000 2013","Los Angeles, CA-Washington, DC"
"1179203722540273664","shallow__state","Dave Ebner, Ph.D.","Assistant Professor of Political Science @SweetBriaredu ü¶ä. Ph.D. '20 @uscpoir ‚úåüèº. Elections, foreign relations, REP, institutions. No one rules innocently.",874,12419,1722,"Wed Oct 02 01:17:37 +0000 2019","Lynchburg, VA"
"1180479770","jaj7d","Jeff Jenkins","Provost Professor of Public Policy, Political Science, and Law @USC. Director @PIPECollab. Editor: @JPIPE_journal @JHPE_journal @BlogBroadstreet. #FirstGen",2292,2957,998,"Thu Feb 14 22:26:28 +0000 2013","Los Angeles, CA"
"119679411","EPSRjournal","European Political Science Review","European Political Science Review (EPSR), a journal from @ECPR and @CambridgeUP",15442,4394,678,"Thu Mar 04 09:44:16 +0000 2010",""
"119682506","InternatlTheory","International Theory","International Theory - A journal of International Politics, Law and Philosophy",14756,4814,732,"Thu Mar 04 10:00:18 +0000 2010",""
"1197448035380318208","uscgpi","USC Global Policy Institute","The @USC Global Policy Institute is a student-run foreign affairs think tank and education center. Follow us for editorial content and programming updates! üåé",186,357,138,"Thu Nov 21 09:34:15 +0000 2019","Los Angeles, California"
"12044602","Schwarzenegger","Arnold","Former Mr. Olympia, Conan, Terminator, and Governor of California. I killed the Predator. I told you I'd be back. Sign up for my newsletter:",5188665,7750,449,"Wed Jan 09 21:12:40 +0000 2008","Los Angeles, California"
"1222983870","GovInnovations","Innovations in Government Program","The former Twitter account for the Innovations in Government Program @HarvardAsh @Kennedy_School. This account is not actively monitored.",3630,2768,1282,"Tue Feb 26 21:28:24 +0000 2013","Harvard Kennedy School"
"122517396","USCDornsife","USC Dornsife","Official Twitter account of USC Dornsife College of Letters, Arts and Sciences, the academic core of the University of Southern California in the heart of L.A.",11031,16775,2167,"Sat Mar 13 00:25:15 +0000 2010","Los Angeles, CA"
"1228034894195916800","DornsifePhDAcad","Dornsife Ph.D. Academy","Our mission is to prepare Dornsife Ph.D. students to excel at graduate education, stand out among their peers, and become leaders in their chosen professions.",192,188,351,"Thu Feb 13 19:16:35 +0000 2020","Los Angeles, CA"
"1265031758","USCSociology","USC Sociology","A department with a proud history, our faculty includes some of the leading sociologists across multiple/diverse fields. RTs not endorsements. Let's tweet!",1275,1125,906,"Wed Mar 13 17:42:34 +0000 2013","Hazel Stanley Hall 314"
"127119300","Trojan_Knights","Trojan Knights","Official Hosts & Guardians of Tradition of the University of Southern California. Keepers of the Victory Bell. Since 1921. #Knights100",1849,1047,394,"Sun Mar 28 03:38:14 +0000 2010","USC"
"1304501724","thereanders","Therese Anders","Data scientist | @rstudio 2019 intern | PhD @uscpoir | computational social science | Stan | Shiny | data viz | #rstats",540,177,600,"Tue Mar 26 15:27:55 +0000 2013",""
"1327567483","SPSAnews","SPSA","Improving Research and Education in the Field of Political Science. Retweet does not equal endorsement.",3564,283,2770,"Thu Apr 04 18:37:52 +0000 2013","Atlanta , GA"
"1333850392577261568","kamala_project","TheKamalaHarrisProject","The Kamala Harris Project is a diverse group of scholars dedicated to studying the term of America‚Äôs first Black /South Asian woman Vice President.",77,24,6,"Tue Dec 01 19:09:42 +0000 2020",""
"13393052","ACLU","ACLU","The ACLU is a nonprofit, nonpartisan, legal and advocacy 501(c)(4) organization. Visit our site for more about us and our affiliated org, the ACLU Foundation.",2001461,60826,5631,"Tue Feb 12 16:27:34 +0000 2008","50 states, DC, & Puerto Rico"
"1346564900160585728","MorrisLevy8","Morris Levy","Associate Prof, Department of Political Science and Intl. Relations, University of Southern California",86,44,98,"Tue Jan 05 21:11:12 +0000 2021",""
"135469780","europsa","EPSA","European Political Science Association",12329,860,53,"Wed Apr 21 11:44:22 +0000 2010","Europe"
"135959346","USCAlumni","USC Alumni Association","Connecting alumni to USC, lifelong and worldwide with tweets about the university and the #TrojanFamily. #USCAlumni #USC #Trojans",17041,8745,1675,"Thu Apr 22 17:04:55 +0000 2010","Widney Alumni House"
"1362094614","USCHistory","USC History Dept. ‚úåÔ∏è","USC Department of History. Fight On! Follow for updates on happenings on campus & across the globe. [RT's are not endorsements.] Like us on Facebook!",888,2291,319,"Thu Apr 18 14:45:41 +0000 2013","3520 Trousdale Pkwy, LA, 90089"
"138962573","USCUclub","USC University Club","@USC premiere members-only club, providing great food & service, promoting intellectual, cultural & social interaction among #USCfaculty & #USCstaff.",1435,3619,760,"Sat May 01 04:10:28 +0000 2010","Los Angeles, CA"
"1444380402","GovArnoldUSC","USC Schwarzenegger Institute","Advancing state and global policy not politics as we seek real world solutions to the challenges facing society. Led by former Governor @Schwarzenegger at @USC",16961,2209,1084,"Mon May 20 18:11:11 +0000 2013","Los Angeles, CA"
"14926475","raykwong","Ray ÈÑ∫Áæ°ËèØ","WSJ caption üèÜ | Space | Clean Energy | US-China | USC | RT/Like ‚â† endorsement. Bad tweets written by intern. Jiang Zemin tweets @ link #ENDALZ #NASASocial üåä",62140,70140,23530,"Tue May 27 22:31:09 +0000 2008","Pacific Rim"
"1510333745768935431","DrBozovic","Iva Bozovic","Assoc. Prof. Teaching @USCPOIR | Political economist  | Interest in social capital, corruption, governance | SOTL, undergraduate data literacy",27,10,41,"Sat Apr 02 19:10:14 +0000 2022","California, USA"
"15442036","SenatorBoxer","Sen. Barbara Boxer","U.S. Senator Barbara Boxer of California.",108614,2229,154,"Tue Jul 15 16:02:13 +0000 2008","Washington, D.C."
"154638135","USCreligious","USC Office of Religious & Spiritual Life","University of Southern California - Office of Religious & Spiritual Life - Fostering a vibrant university community of spiritual reflection & free inquiry.",1332,3716,651,"Fri Jun 11 20:10:02 +0000 2010","Los Angeles, CA"
"15579774","4entrepreneur","Dr. Jay Maharjan","Nevada State-wide Leader, Obama @WhiteHouse initiative @startupamerica, @uscprice alum, Doctorate @usc. Focus: Equity in Education, Practices of SWFs",12602,14063,970,"Thu Jul 24 10:17:00 +0000 2008","Las Vegas, Los Angeles, DC"
"15731032","NicholasNapolio","Nico Napolio","Ph.D. candidate in political science @USCPOIR. I study American political institutions üèõ, bureaucracy üóÑ, and legislative politics üìú || üè≥Ô∏è‚Äçüåà || he/him",1348,6564,1129,"Tue Aug 05 02:12:09 +0000 2008","Los Angeles, CA"
"15754281","USATODAY","USA TODAY","The pulse of the nation in the palm of your hand.",4894111,385502,942,"Wed Aug 06 19:55:31 +0000 2008","USA TODAY HQ, McLean, Va."
"15780295","USCPressroom","USC Press Room","We are the USC Media Relations team promoting @USC news, research, innovation and experts. Managed by USC Media Relations: uscnews@usc.edu RTs ‚â† endorsements.",6039,3922,2812,"Fri Aug 08 17:16:39 +0000 2008","Los Angeles"
"1593780061","GlimpseSC","Glimpse from the Globe","An online publication providing timely and timeless analysis of international affairs. Created by students at the University of Southern California.",237,762,487,"Sun Jul 14 16:25:32 +0000 2013","Los Angeles, CA"
"1606508916","SuzieMulesky","Suzie Mulesky","Senior Behavioral Scientist at @Vanguard_Group | PhD @USC",411,194,447,"Fri Jul 19 18:45:01 +0000 2013",""
"161475427","USCMarshall","USC Marshall","The official Twitter account of the USC Marshall School of Business, the global business school in the heart of #LosAngeles ‚úåÔ∏è",10757,4994,975,"Wed Jun 30 23:28:31 +0000 2010","Los Angeles"
"16196492","NCSLorg","NCSL","Official Twitter Page of the National Conference of State Legislatures. The Bipartisan Voice for Legislators & Staff since 1975. https://t.co/IEmoKtdewE",27433,38376,9269,"Tue Sep 09 02:29:59 +0000 2008","Denver, CO | Washington, DC"
"163640755","USCPRELAW","USC Pre-Law","Trojans, we'll help you get to law school.",537,569,218,"Tue Jul 06 23:04:39 +0000 2010","Los Angeles"
"16503086","jeffreyfields","Jeffrey F","Writer | Foreign policy analyst | Professor of IR | Drinker of wine | Trendsetter | LA Lover | Fmr DoD+State Dept | USC Trojan | Defender of the faith",86,2792,511,"Sun Sep 28 21:29:21 +0000 2008","LA ‚Ä¢ DC ‚Ä¢ LA"
"165785792","jasongiannaros","Jason Giannaros, Ph.D.","Prof. at Pepperdine U. Former organizer and US Senate staffer. Wu-Tang Adjacent.",127,1781,461,"Mon Jul 12 14:52:04 +0000 2010","Los Angeles, CA"
"16664681","latimes","Los Angeles Times","Covering the world with a West Coast perspective. Subscribe now: https://t.co/6Kr8lrdkaN",4021597,473029,7040,"Thu Oct 09 11:07:42 +0000 2008","El Segundo, CA"
"17187138","miguelmaria","Miguel Pereira","Political Scientist. 
Assistant Professor @USCpoir.
Incoming Assistant Professor @LSEEI. 
@WUSTL PhD.",1226,933,947,"Wed Nov 05 12:03:52 +0000 2008",""
"17358750","ericgarcetti","Eric Garcetti","Angeleno. Public Servant. Mayor. Not paid for, sponsored by, or hosted by city of L.A. Ads paid for by the DVF. Tweets from Mayor Garcetti signed EG.",317333,6718,2070,"Thu Nov 13 05:36:42 +0000 2008","Los Angeles"
"180898368","annenberglab","AnnLab","The USC Annenberg Innovation Lab is a curious, creative and committed Think & Do Tank helping media and technology to work for humans - not against us.",3471,4775,1048,"Fri Aug 20 19:45:17 +0000 2010","Los Angeles, California"
"18122308","maristpoll","Marist Poll","Founded in 1978, MIPO is home to the Marist Poll and regularly measures public opinion, both in New York State and across the country.",25754,4635,497,"Sun Dec 14 20:37:44 +0000 2008","Poughkeepsie, NY"
"1852171094","MPSAnet","MPSA","Midwest Political Science Association - dedicated to the advancement of scholarship in all areas of political science. (RT ‚â† Endorsement)",15494,6680,3050,"Tue Sep 10 18:19:08 +0000 2013","Bloomington, IN"
"18652755","dailytrojan","Daily Trojan","@USC‚Äôs only student-run newspaper since 1912. Follow @DT_Sports for sports stuff and https://t.co/R5rPLgtUK9 for more.",42147,20017,311,"Tue Jan 06 00:07:10 +0000 2009","USC, Los Angeles, CA"
"18685292","USC_CCLP","USC Annenberg CCLP","@USCAnnenberg Center connecting high¬≠-impact scholarship to policy change. Focusing on media & democracy, the future of journalism, technology & philanthropy.",2337,7734,1204,"Tue Jan 06 17:28:34 +0000 2009","Los Angeles, CA"
"186894716","polanalysis","Political Analysis","Official Journal of the Society for Political Methodology",16882,925,3101,"Sat Sep 04 18:01:58 +0000 2010",""
"1917731","thehill","The Hill","The Hill is the premier source for policy and political news. Follow for tweets on what's happening in Washington, breaking news and retweets of our reporters.",4472240,1068770,311,"Thu Mar 22 18:15:18 +0000 2007","Washington, DC"
"1926061039","JordanCarrP","Jordan Carr Peterson","Associate Prof of Public Policy @JacksonvilleU; PhD @USC; JD @UFLaw; vegan üå±; regulation, public law, administrative politics üè≥Ô∏è‚Äçüåà",1814,4056,1658,"Wed Oct 02 07:35:04 +0000 2013","Jacksonville, Florida"
"19265186","USCRossier","USC Rossier","The mission of the USC Rossier School of Education is to prepare leaders to achieve educational equity.",8759,13010,3044,"Tue Jan 20 23:44:29 +0000 2009","Los Angeles, CA"
"193919217","USCeasc","USC EASC","The University of Southern California East Asian Studies Center leads and supports education, research, and community outreach concerning East Asia.",1087,1348,485,"Thu Sep 23 00:05:20 +0000 2010","Los Angeles, CA"
"196345500","sradford22","Simon Radford","husband, dad, Brentford season ticket holder (since the bad old days). Councillor for East Barnet ward. Send casework to Cllr.s.radford@barnet.gov.uk",823,8757,5003,"Tue Sep 28 22:30:57 +0000 2010","Home is where the stomach is."
"19809471","USC","USC","The official Twitter account of the University of Southern California. #USC | #FightOn! Instagram and now TikTok: uscedu

https://t.co/pSDsdu3viP",170195,31885,3272,"Sat Jan 31 08:33:13 +0000 2009","Los Angeles, CA"
"198643896","USCAdmission","USC Admission","Welcome to the official Twitter for the University of Southern California's Office of Undergraduate Admission. #FightOn!",12777,3554,166,"Mon Oct 04 21:40:23 +0000 2010","Los Angeles, CA"
"201321992","USCPOSC","USC PoliticalScience","Political Science Department at the University of Southern California-- follow us for info on new events, internships, and the latest polysci news!",1021,254,28,"Mon Oct 11 16:04:55 +0000 2010","Los Angeles, CA"
"20791157","LearCenter","Norman Lear Center","Studying & Shaping the Impact of Entertainment & Media on Society. Based at @USCAnnenberg.

Research/Evaluation: @mediametrics  | Outreach: @hollywdhealth",6511,12476,2084,"Fri Feb 13 18:07:06 +0000 2009","Los Angeles, CA"
"21176696","SilvaSevlian","Silva Sevlian","Associate Director, @ArmenianStudies; @USCAnnenberg, @publicdiplomacy, @USCShoahFnd Alum; MOM",509,1886,560,"Wed Feb 18 07:19:27 +0000 2009","Los Angeles, CA"
"217543151","SenatorTimScott","Tim Scott","Just a South Carolinian living his mama‚Äôs American Dream.",672369,11441,3788,"Fri Nov 19 20:34:30 +0000 2010","Charleston, SC"
"21810278","samirkum","Samir Kumar","International relations, South Asia, and curiosities. Sports üéæüèèüèÄ and culture sprinkled in.",361,990,1740,"Tue Feb 24 23:09:43 +0000 2009","New York, NY"
"218717865","curiouskyuri","Kyuri Park","Î∞ïÍ∑úÎ¶¨ (Êú¥Áè™Âà©), Postdoc @StanfordSAPARC
Study security and cooperation, joint military exercises, and East Asia
Ph.D. @uscpoir MA @Georgetown BA @EwhaWomansUniv",376,228,456,"Tue Nov 23 02:34:33 +0000 2010","Palo Alto, CA"
"219145686","uscyoungalumni","USC Young Alumni","Community of USC degreed alumni that keep alumni connected, engaged and involved in their first 10 years after graduation.",1433,1149,448,"Wed Nov 24 01:41:34 +0000 2010","Worldwide"
"22186147","USCFilmOffice","USC Campus Filming","Managing professional film and TV production at all USC campuses and properties. We are not affiliated with the USC School of Cinematic Arts.",1987,732,145,"Fri Feb 27 20:32:30 +0000 2009","Los Angeles"
"224032752","USCFinancialAid","USC Financial Aid","Welcome to the official Twitter for the University of Southern California‚Äôs Financial Aid Office!",2431,1760,85,"Wed Dec 08 00:09:45 +0000 2010","Los Angeles"
"2254080300","MESA_1966","MESA","The Middle East Studies Association (MESA) brings together scholars, educators and those interested in the study of the region from all over the world.",14476,2966,365,"Thu Dec 19 21:32:48 +0000 2013","Washington, DC"
"2254131619","TrojanFamilyMag","USC Trojan Family","USC Trojan Family is the official magazine for alumni and friends of the University of Southern California. ‚úåüèΩ#FightOn #TrojanFamily",2710,2100,188,"Thu Dec 19 22:20:37 +0000 2013","Los Angeles, California"
"2275081693","USCDornsifeCP","Career Pathways","USC Dornsife Career Pathways works to align students' academic interests with individual career and professional aspirations.",76,164,22,"Fri Jan 03 20:51:22 +0000 2014","Los Angeles, CA"
"22803482","USCLibraries","USC Libraries","The USC Libraries actively support the discovery, creation, and preservation of knowledge at the University of Southern California and beyond.",10936,13453,306,"Wed Mar 04 17:28:32 +0000 2009","Los Angeles, California"
"2303542430","USCKaufman","USC Kaufman","USC Kaufman combines artistic preeminence with industry access at one of the world's leading research universities. Join us for The New Movement!",941,2399,629,"Tue Jan 21 18:47:07 +0000 2014","Los Angeles, CA"
"2303751216","FiveThirtyEight","FiveThirtyEight","Data-driven news and analysis from ABC News‚Äôs FiveThirtyEight",1334036,116611,317,"Tue Jan 21 21:39:32 +0000 2014","New York, NY"
"23808627","hwipfli","Heather Wipfli","@usc_GRIT director, @uscpphs @usc professor, @rayunitedfc supporter, and #globalhealthmom",884,3195,865,"Wed Mar 11 19:02:36 +0000 2009",""
"23811264","salpighazarian","salpi ghazarian","Born a librarian & teacher, feeding & growing young minds. Sometimes they're journalists, sometimes young scholars.
Director, USC Institute of Armenian Studies",3086,1751,725,"Wed Mar 11 19:17:32 +0000 2009","Los Angeles, CA & Yerevan, Arm"
"239935774","CSII_USC","CSII at USC","@PERE_USC & @CSII_USC have merged into the USC Equity Research Institute! Follow us @ERI_USC.",2229,4730,1090,"Tue Jan 18 19:44:18 +0000 2011","Los Angeles"
"2420108113","adambbadawy","Adam Badawy","Principal Data Scientist @ Capital One",205,500,516,"Mon Mar 31 06:25:51 +0000 2014",""
"243214507","christiangrose","Christian Grose","Author; Editor; Teacher; Professor of Political Science & Public Policy; Academic Director, @USC @Schwarzenegger Inst. @GovArnoldUSC @DukeU @UofR",4458,11763,4843,"Wed Jan 26 15:22:13 +0000 2011","Los Angeles, CA"
"24367478","taylordalton","Taylor Dalton","Assistant Professor of Law at @santaclaralaw | studying #intlaw & #politics",311,1742,905,"Sat Mar 14 13:26:25 +0000 2009","California"
"2467791","washingtonpost","The Washington Post","Democracy Dies in Darkness",19952418,442491,1719,"Tue Mar 27 11:19:39 +0000 2007","Washington, DC"
"24907127","USCShoahFdn","USC Shoah Foundation","We Bring Testimony to Light.",18955,16168,3097,"Tue Mar 17 16:26:29 +0000 2009","Los Angeles"
"249341385","ipsa_aisp","IPSA / AISP","The International Political Science Association (IPSA) is an international scholarly association devoted to the advancement of political science.",24684,9515,174,"Tue Feb 08 21:19:29 +0000 2011","Montreal"
"256338599","stephrschwartz","Stephanie Schwartz","Political Science | Forced Migration | Assistant Professor @LSEIRDept  as of Sept 2022 | Views my own",1955,7455,2263,"Wed Feb 23 03:47:52 +0000 2011",""
"25999985","_abuelbanat","Youssef Chouhoud","Asst Prof, Political Science, @CNUcaptains. Acting director, @CNUReiffCenter. 
#FirstGen MENA, Religion & Politics, Race & Ethnicity. 
Iskandarani, Brooklynite.",3946,6297,1621,"Mon Mar 23 13:29:07 +0000 2009","VA | Cairo"
"2616092568","fancis30","Fanny Cisneros","Educator, Mam√°, Xicana, Writer.
First-Gen.
She/Her.",30,331,307,"Thu Jul 10 20:35:30 +0000 2014",""
"26171794","USC_Trojans","USC Trojans","Nobody beats the Trojans! Get the best deals when you buy and sell Trojan tickets or all concert tickets! Imagine front row seats! Click the link now.",3441,463,2921,"Tue Mar 24 03:49:12 +0000 2009","Los Angeles, CA"
"262846232","CUP_PoliSci","CUP Politics","The latest in political science and international relations research from Cambridge University Press's books and journals",30009,25375,3969,"Tue Mar 08 21:51:41 +0000 2011",""
"27298118","BobShrum","Robert Shrum","Director of @USCPolFuture. Warschaw Chair at USC Dornsife. Opinions are my own. D strategist, now retired. Retweets  don‚Äôt always= endorsement.",19828,40784,2267,"Sat Mar 28 20:08:27 +0000 2009","Los Angeles"
"274027851","PolStudiesAssoc","The Political Studies Association","Founded in 1950, the Political Studies Association exists to develop and promote the global study of politics. Become a PSA member here: https://t.co/skWviUp2l8",23947,23636,4876,"Tue Mar 29 15:51:35 +0000 2011","London, UK"
"27998807","USCVandV","USC Visions & Voices","Official Twitter of USC Visions and Voices: The Arts and Humanities Initiative. Admin: @mariezpz",4284,5985,1090,"Tue Mar 31 23:51:05 +0000 2009","Los Angeles, CA"
"2820545226","AliciaDiRado","Alicia Di Rado","Suppporting health research, treatment & education @ USC through storytelling. Stanford grad, Dodgers fan, fitness nut, cancer survivor y ¬°yo hablo!üá¶üá∑üá∫üá∏",277,545,534,"Fri Sep 19 22:29:46 +0000 2014","Los Angeles, CA"
"28220795","USCAnnenberg","USC Annenberg","USC Annenberg is among the nation‚Äôs leading institutions devoted to the study of journalism, communication, public relations and public diplomacy #ascj",24825,15769,2784,"Wed Apr 01 23:04:17 +0000 2009","Los Angeles, CA"
"2836421","MSNBC","MSNBC","The place for in-depth analysis, political commentary and diverse perspectives. Home of @MSNBCDaily.",4923927,288174,790,"Thu Mar 29 13:15:41 +0000 2007",""
"284173293","USCWrigley","USC Wrigley Institute for Environmental Studies","We inspire global environmental solutions through frontier education and research.",1591,3050,473,"Mon Apr 18 19:33:45 +0000 2011","Los Angeles, CA"
"28450231","USCViterbi","USC Viterbi School","The USC Viterbi School of Engineering is ranked among the top engineering schools worldwide.",13855,7097,1546,"Thu Apr 02 23:45:06 +0000 2009","Los Angeles, CA"
"2860876290","PSQ_CSPC","Presidential Studies Quarterly","The only scholarly journal that focuses on all aspects of the presidency. Published quarterly by the Center for the Study of the Presidency & Congress.",702,672,1329,"Fri Oct 17 18:10:03 +0000 2014","Texas A&M University"
"2888393596","PSA_APG","American_Politics","The American Politics Group (@PolStudiesAssoc) considers US domestic politics and foreign policy. Its activities include an annual conference and colloquium.",1455,625,1439,"Sat Nov 22 21:30:48 +0000 2014","UK"
"290184477","USCMexico","USC Mexico","The University of Southern California's Mexico office. Newsletter: https://t.co/acjelRGpZ2",997,1842,1399,"Fri Apr 29 21:27:27 +0000 2011","Ciudad de M√©xico"
"2929717275","The_JOP","Journal of Politics","The JOP is the flagship journal of the SPSA, published by the University of Chicago Press.",12569,688,225,"Thu Dec 18 16:06:43 +0000 2014",""
"2936330030","mdrakereitan","Dr. M Drake Reitan","reader, writer, educator, fl√¢neuse @USCGradSchool @USCPrice @USCArchitecture @SACRPH @bunkerhillrefr1 @EPPALosAngeles",799,1685,892,"Fri Dec 19 17:55:50 +0000 2014","Los Angeles, CA"
"2977869463","ArmenianStudies","USC Institute of Armenian Studies","Promoting scholarship that addresses national & global challenges; impacting policy, development and progress.",3062,2753,496,"Mon Jan 12 22:59:42 +0000 2015","Los Angeles"
"2987415637","TheDapperChef","Dr. Sherry Zaks: minces garlic, not words. üè≥Ô∏è‚Äçüåà","Assistant Prof USC. rebels|orgs|stats|food|tweed|neurodivergence. Patti LuPone once threw a full martini on me at the end of a show. (she/her/blah)üè≥Ô∏è‚Äçüåà",2821,8715,1142,"Sat Jan 17 18:31:10 +0000 2015","Los Angeles, CA"
"2994533788","annevwijk","Anne van Wijk","Mixed Methods UX Researcher @ Instagram | PhD Political Science & International Relations from USC",98,28,204,"Fri Jan 23 17:50:19 +0000 2015","Santa Monica, CA"
"3005853742","JEPS_ed","JEPS","We are a journal that publishes political science research that utilizes experimental analysis or is related to experimental methodology.",1695,215,8,"Fri Jan 30 15:32:43 +0000 2015","New York, NY"
"3017688048","USC_EALC","USC EALC","The official USC Department of East Asian Languages and Cultures Twitter account.",87,62,24,"Thu Feb 12 20:03:47 +0000 2015","Los Angeles, CA"
"30499450","USC_IRUA","USC IRUA","The University of Southern California's International Relations Undergraduate Association",298,147,87,"Sat Apr 11 18:47:26 +0000 2009","Los Angeles, CA"
"3070271977","whitney_hua","Whitney Hua","Ph.D. candidate @uscpoir | Political elite communication & behavior, Congress, social media, race & gender üìö  |  Into dogs and wine",299,215,239,"Mon Mar 09 20:09:49 +0000 2015","Los Angeles, CA"
"3108351","WSJ","The Wall Street Journal","Sign up for our newsletters and alerts: https://t.co/QevH0DLisA 

For WSJ customer support: https://t.co/DZgH9n4vAI",20260722,387248,1081,"Sun Apr 01 06:22:13 +0000 2007","New York, NY"
"31354463","sarasadhwani","sara sadhwani","Asst Prof Politics @PomonaCollege | CA Redistricting Commissioner | Researcher @AAPIData | Race-Immigration-Voting | mom of 3, wife of 1, sister of many",7006,3819,1369,"Wed Apr 15 06:09:26 +0000 2009","Los Angeles"
"3167176103","USC_CFR","USC Dornsife CFR","The Center for Feminist Research at USC Dornsife.",402,512,293,"Tue Apr 14 21:03:26 +0000 2015","USC - Los Angeles, CA"
"3180907718","USCDermatology","USC Dermatology","Official account for the Dept. of Dermatology at the Keck of School of Medicine of USC. Interested patients, please call 323-442-6200.",1177,19621,487,"Thu Apr 30 18:19:43 +0000 2015","Los Angeles, CA"
"3218189220","nolahaynes_","Dr. Nola Haynes | Ph.D, M.Div","@georgetownsfs |  @statedept  Int‚Äôl Sec Advisory Board #ISAB appointee | #Power50 NatSec leadership list| @uscpoir @HDS @ucla alum | @msnbc + #RMU reg",4790,18548,2713,"Sun May 17 23:20:05 +0000 2015","Hollywood, Los Angeles"
"3221634776","DornsifeDC","Dornsife DC Program","USC's premier Washington DC experience. Spring and summer programs and housing. Internship and career advice.",92,229,76,"Wed May 20 16:52:27 +0000 2015","Los Angeles, CA/Washington, DC"
"3270395184","curleyt13","Tyler Bonanno-Curley","This space intentionally left blank",274,5646,1518,"Mon Jul 06 23:42:44 +0000 2015",""
"3302619878","AnnenbergMedia","USC Annenberg Media","News for you. News for SC.",5682,10825,495,"Fri Jul 31 16:41:38 +0000 2015","Los Angeles, CA"
"3378514300","PGI_WPSA","Politics, Groups, & Identities","Politics, Groups, and Identities is an official journal of the Western Political Science Association published by Taylor & Francis.",4676,4566,2942,"Thu Jul 16 07:44:25 +0000 2015","United States"
"338065113","USCHelenes","USC Helenes","As the ‚Äòofficial hostesses of USC,‚Äô we will strengthen the Trojan Family through acts of volunteerism, hospitality and service. Est. 1921",616,509,58,"Tue Jul 19 01:05:45 +0000 2011","Los Angeles"
"3382186754","AdamSFeldman","Dr. Adam Feldman","Supreme Court scholar; Creator of https://t.co/oUmdPS614o & Optimized Legal Solutions. PhD @USC; JD @BerkeleyLaw",5162,6883,211,"Sat Aug 29 13:56:11 +0000 2015","Los Angeles, CA"
"3415768193","USC_SPD","USC SPD","The USC Society of Public Diplomats is the nation's first student-run organization in the field of public diplomacy.",282,531,279,"Tue Aug 11 17:40:32 +0000 2015","Los Angeles, CA"
"3449171415","megan_eme","Megan Eme","USC‚úåÔ∏èTeacher üçé üá∫üá∏ Hoosier turned Michiganderü§öRTs ‚â† endorsements",116,3576,621,"Wed Aug 26 17:41:01 +0000 2015","Detroit, MI"
"369133270","AngeMarieH","Dr. Ange-Marie Hancock ‚òÆÔ∏è","Author; Next Book: AFRICAN AMERICAN POLITICAL THOUGHT: CONTESTATION & CHANGE Woman of Faith, Lifelong Justice Junkie. #Intersectionality Steward.",3174,14212,1515,"Tue Sep 06 20:42:14 +0000 2011","Tongva Ancestral Lands/LA, CA"
"3711171133","USCBAU","Black Actors Union","We are a coalition of writers, directors, producers, and actors of color at the University of Southern California. Follow us for industry updates!",131,144,473,"Mon Sep 28 04:50:38 +0000 2015","Los Angeles, CA"
"378855817","ERI_USC","USC Equity Research Institute","We're the USC Equity Research Institute (ERI): Data & Analysis to Power Social Change (previously known as PERE & @CSII_USC). ERI Director @Prof_MPastor",3861,6039,1231,"Fri Sep 23 23:01:55 +0000 2011","Los Angeles, CA"
"380523278","USCPolFuture","USC Center for the Political Future","The @uscdornsife Center advances civil dialogue and practical politics that transcend partisan divisions and find solutions to pressing national challenges.",5659,5047,1801,"Mon Sep 26 19:55:51 +0000 2011","USC"
"3807879852","KNBC4Desk","KNBC Assignment Desk","This account is for newsgathering purposes only. For all things SoCal follow @NBCLA.",1304,2651,1024,"Tue Oct 06 22:57:05 +0000 2015","Universal City, CA"
"38349184","CAgovernor","Office of the Governor of California","The Office of the California Governor Gavin Newsom. üìç Save water. https://t.co/OueTNXHWBF",300046,9707,285,"Thu May 07 02:45:40 +0000 2009","Sacramento, CA"
"38673058","APSAtweets","APSA","The American Political Science Association (APSA) is the leading professional organization for the study of political science.",42868,9968,508,"Fri May 08 14:15:43 +0000 2009","Washington, D.C."
"39372927","USCBookstore","USC Bookstore","Serving USC students, faculty, staff, alumni and fans.
Sign up for our mailing list:  
https://t.co/UdzVMfyaMb",4661,2151,217,"Mon May 11 23:26:33 +0000 2009","Los Angeles, CA"
"400089150","N_Albertoni","Nicol√°s Albertoni","PhD en Ciencia Pol√≠tica y Relaciones Internacionales ‚Ä¢ Master en Econom√≠a (@Georgetown, @USC) | Profesor en @UCUoficial ‚Ä¢ Esposo de Josefina, pap√° de Jacinta.",7446,6672,3142,"Fri Oct 28 13:53:17 +0000 2011","Uruguay"
"400391325","LegalAidLA","Legal Aid Foundation of Los Angeles","The frontline law firm for people living in poverty across Greater Los Angeles. Need help? Call 800-399-4529 or apply online at https://t.co/3jqVhLxZ9J. #JusticeEquityHope",3002,4223,1156,"Fri Oct 28 23:39:52 +0000 2011","Los Angeles"
"405108328","USCKSI","USC Dornsife Korean Studies Institute","Explaining Korea to the world through research and teaching.",855,1692,421,"Fri Nov 04 21:34:42 +0000 2011","Los Angeles, CA"
"409259089","HajYazdiha","Hajar Yazdiha, Ph.D.","Sociologist @USCSociology @ERI_USC of race/migration/social movements/culture. @NASEMFordFellow ‚Äò22-23.  Book forthcoming w/@PrincetonUPress. Mom of 2.",4052,4951,3788,"Thu Nov 10 13:56:49 +0000 2011","Los Angeles, CA"
"4128845353","studenthealthsc","USC Student Health","Official Twitter of USC Student Health Services: Engemann & Eric Cohen Student Health Centers",1189,2185,727,"Wed Nov 04 23:10:27 +0000 2015","Los Angeles"
"415786848","verbal_gaffe","Josh Timm","Games Researcher || PhD in Political Science @ USC",224,160,624,"Fri Nov 18 20:26:13 +0000 2011","Los Angeles, CA"
"42181752","NickCull","Nicholas J. Cull","Professor of Public Diplomacy at USC. Author, most recently of Public Diplomacy: Foundations for Global Engagement in the Digital Age (Polity, 2019) He/Him/His.",3310,964,864,"Sun May 24 07:41:34 +0000 2009","Redondo Beach"
"42458546","HarrisPoll","The Harris Poll","The Harris Poll¬Æ is one of the longest running surveys in the U.S. Our mission is to provide insights to inspire leaders to create a better tomorrow.",8837,4425,1004,"Mon May 25 18:30:51 +0000 2009","Global"
"426802833","AP_Politics","AP Politics","Highlights from AP's coverage of U.S. politics and government in words, photos and video. Managed by the Washington bureau. https://t.co/lTcEv1VGoB",559479,85220,613,"Fri Dec 02 18:26:10 +0000 2011","Washington, D.C."
"426988399","USCAHF","USC AHF","Official account for USC Academic Honors & Fellowships - offering USC undergraduates unique academic, scholarship, and fellowship opportunities.",722,380,173,"Fri Dec 02 23:37:45 +0000 2011","USC Student Union, STU 300"
"43405063","ViterbiCareers","Viterbi Careers","Championing @USCViterbi student success through leadership and professional development, empowering them to change the world.",1879,2497,212,"Fri May 29 20:41:45 +0000 2009","Los Angeles, CA"
"4361356452","ProfSMGibson","Shannon Gibson","Assoc. Prof @USCWrigley | Dir. of Undergraduate Studies @USCPOIR | Enviro. politics, global health, social movements | Scholar-activist #climatejustice ‚úåüèªüåé üïä",708,3184,1035,"Thu Nov 26 00:57:42 +0000 2015","Los Angeles, CA"
"43925013","LongBeachMayor","Office of Mayor Robert Garcia","The official account for the Office of Robert Garcia, the 28th Mayor of @LongBeachCity.",19852,11039,1953,"Mon Jun 01 17:20:17 +0000 2009","Long Beach, CA"
"4457167754","changmishaw","Meredith Shaw","UTokyo ISS; Managing Editor, Social Science Japan Journal; studies East Asian cultural politics and social movements; translates North Korean literature",396,209,184,"Fri Dec 04 21:53:10 +0000 2015","Tokyo-to, Japan"
"4515151","p_barbera","Pablo Barber√°","Computational Political Scientist, @meta @uscpoir. Research on social media and politics. üè≥Ô∏è‚Äçüåà",6427,2663,1407,"Fri Apr 13 16:14:31 +0000 2007","California, USA"
"45490806","Justcdp","Christian Dyogi Phillips","political scientist @usc. author: https://t.co/GRHQHIix89 intersection of race, gender and immigration in American politics.
food*politics enthusiast.",799,1473,814,"Mon Jun 08 03:29:11 +0000 2009",""
"476256944","SenFeinstein","Senator Dianne Feinstein","United States Senator from California. On Facebook at: https://t.co/RVLkJPLS9Y",1493554,13927,260,"Fri Jan 27 23:06:59 +0000 2012","California"
"479666841","kshitijk_","Kshitij Kumar","You can never know enough. I do incident response investigations and forensic analysis for Microsoft DART. Opinions are my own, retweets are not endorsements",491,1146,490,"Tue Jan 31 16:47:20 +0000 2012","Los Angeles, CA"
"4805048978","USC_Econ","USC Economics","The Official Twitter Page for University of Southern California's Department of Economics @uscdornsife @usc",1543,1115,126,"Sat Jan 23 23:56:28 +0000 2016","Los Angeles, CA"
"48117919","uscsocialwork","USC Social Work","Official account for USC Suzanne Dworak-Peck School of Social Work. Follow us for news, events & information about the school. RTs do not indicate endorsement.",11867,10701,1003,"Wed Jun 17 21:12:13 +0000 2009","Southern California"
"48788647","FulbrightPrgrm","The Fulbright Program","The U.S. government‚Äôs flagship international exchange program. Building mutual understanding in a complex & changing world for 75 years.",94900,14980,1287,"Fri Jun 19 18:40:37 +0000 2009",""
"4881093582","womenalsoknow","womenalsoknowstuff","#WomenAlsoKnowStuff -- you should ask them about it. Search our database of women experts in political science at https://t.co/bavuUptPqk",32881,24279,2616,"Tue Feb 09 03:51:12 +0000 2016",""
"491864203","USCGSG","USC Graduate Student Government","University of Southern California | Graduate Student Government | Fight On!",388,490,69,"Tue Feb 14 03:12:43 +0000 2012","Los Angeles"
"498219665","USCcjrc","USC Shinso Ito CJRC","The USC Shinso Ito Center for Japanese Religions and Culture",490,794,168,"Mon Feb 20 20:26:56 +0000 2012","Los Angeles, CA"
"508164075","USCPolymathy","Polymathic Academy","The USC Sidney Harman Academy for Polymathic Study offers a series of conversational encounters intended to intensify polymathic awareness.",281,2792,39,"Wed Feb 29 00:55:58 +0000 2012","USC DML 241"
"509162237","steveswerdlow","Steve Swerdlow","Human rights lawyer, Associate Professor of the Practice of Human Rights, Dept. of Pol. Science & Int'l Relations @USC Former @hrw. Central Asia, Eurasia.",14188,91481,6915,"Wed Feb 29 19:55:16 +0000 2012","Los Angeles; Kyrgyzstan"
"509631832","brynrosenfeld","Bryn Rosenfeld","Political scientist @Cornell studying Russia, Ukraine, politics after Communism, protest, public opinion. Author of The Autocratic Middle Class https://t.co/s9eUyHHMlC",1670,439,165,"Thu Mar 01 02:46:43 +0000 2012","Ithaca, NY"
"510646300","BedrosianCenter","USC Bedrosian Center","",1609,13279,805,"Thu Mar 01 18:29:06 +0000 2012","Los Angeles, CA"
"51241574","AP","The Associated Press","Advancing the power of facts, globally üåé",16080552,333688,6799,"Fri Jun 26 21:48:52 +0000 2009","Global"
"52123405","USCCinema","USC School of Cinematic Arts","The official account of the USC School of Cinematic Arts. Managed by the SCA Office of Communication and Public Relations. #USCSCA #RealityEndsHere",14507,1415,184,"Mon Jun 29 17:28:41 +0000 2009","Los Angeles, California"
"52932412","CSatUSC","USC Computer Science","Official Twitter account of the #ComputerScience Department at the @USCViterbi School of Engineering! Questions? csdept@usc.edu",3145,1355,1106,"Thu Jul 02 02:01:04 +0000 2009","USC - Los Angeles, CA"
"546029429","Gallup","Gallup","Analytics and advisory services on the front lines of transformation.",42085,14923,207,"Thu Apr 05 14:49:02 +0000 2012","Washington, D.C."
"547048098","NathanMicatka","Nate Micatka","PhD Candidate in Political Science @UIowa | US public policy, political behavior, policy feedback, & political socialization | #FirstGen",718,8418,879,"Fri Apr 06 17:17:49 +0000 2012",""
"57786393","usccrcc","USC Center for Religion and Civic Culture","Building Knowledge, Strengthening Communities 
@USC @USCDornsife
Sign up for news, events: https://t.co/PLtUElQwzd",3122,8848,2015,"Fri Jul 17 23:11:44 +0000 2009","Los Angeles, CA"
"593542087","ronantfu","Ronan Tse-min Fu","@CWPColumbia postdoc fellow at @ColumbiaSIPA. #IRtheory, #Securitystudies, and #Politicalpsychology",179,118,276,"Tue May 29 09:19:37 +0000 2012","New York, USA"
"62369083","samuel_bonillab","Samuel Bonilla Bogaert","Construyendo futuro con optimismo desde Opci√≥n Democr√°tica ‚Ä¢ Pol√≠tica, educaci√≥n y desarrollo ‚Ä¢ PhD(c) en c. pol√≠tica @uscpoir ‚Ä¢ üñå @ElMitinRD ‚Ä¢ Caf√©",3070,10645,2079,"Sun Aug 02 22:42:58 +0000 2009","Santo Domingo"
"63568032","daveckang","Dave Kang","Going from failure to failure without losing enthusiasm!
(Also: Influencer. Thought Leader. VIP. Rookie phenom.)",6891,5346,531,"Thu Aug 06 23:02:00 +0000 2009","Los Angeles, CA"
"64584927","usg_usc2","USC USG","USC Undergraduate Student Government. Defining the undergraduate experience. ‚úåÔ∏è",2282,2467,54,"Tue Aug 11 01:35:29 +0000 2009","Los Angeles, CA"
"6603812","PublicDiplomacy","USC Public Diplomacy","A research, analysis and professional training organization dedicated to furthering the study and practice of global public engagement and cultural relations",14118,31824,1353,"Tue Jun 05 21:18:19 +0000 2007","Los Angeles, CA"
"68754481","pongkwans","Pongkwan","PhD Candidate at @uscpoir | Tweet randomly about politics, academics, and pop culture, mainly in Thai but also in English",9343,3653,629,"Tue Aug 25 17:38:59 +0000 2009","Los Angeles, CA"
"69655048","joeyhuddleston","Joey Huddleston","Asst prof @shuDiplomacy. @uscpoir PhD. #firstgen
Founder @SHUDiploLab. Conflict researcher, dogma dissenter, democracy lover, data enthusiast, motorhead.",714,1623,528,"Fri Aug 28 18:14:10 +0000 2009","Essex County, NJ"
"70472455","USCmoves","USC Transportation","Official USC Transportation Twitter Feed. Follow us for information on USC Buses, Parking, Campus Cruiser, Game Day Information, and more!",3142,1897,29,"Mon Aug 31 19:08:56 +0000 2009","Los Angeles"
"709503363574935552","USCAnnenbergPhD","USC Annenberg PhD","USC Annenberg offers an interdisciplinary PhD program in humanistic and behavioral approaches to communication.",389,413,244,"Mon Mar 14 22:15:58 +0000 2016","Los Angeles, CA"
"71074656","KeckMedUSC","Keck Medicine of USC","500+ internationally renowned doctors at a leading academic medical center keeping you healthy, on track and doing the things you love. #KeckMedicineLimitless",196945,13935,147799,"Wed Sep 02 21:01:03 +0000 2009","Los Angeles"
"710947219","KyleReedPhD","Dr. Kyle Reed (Rapp)","Fellow @kfg_intlaw | PhD @uscpoir | MSc Human Rights @ucdpolitics | IR-IL | Legal Rhetoric & the Political Uses of #IntLaw | he/himüè≥‚Äçüåà",3447,13637,3191,"Sun Jul 22 16:43:41 +0000 2012","Berlin, Germany"
"720070605329010690","SangayMishra","Sangay Mishra","Author @UMinnPress book Desis Divided https://t.co/nqPYpYsV3o‚Ä¶ @USC grad!! Associate Professor, Political Science @DrewUniversity.",2316,10190,4173,"Wed Apr 13 02:06:25 +0000 2016","New York, NY"
"731167752","Political_Data","PDI","PDI is trusted by thousands of candidates and organizations to help them mobilize voters, activate supporters and win on Election Day.",9895,1772,1005,"Wed Aug 01 18:06:49 +0000 2012",""
"7459282","isanet","ISA","International Studies Association - A community of international studies scholars.",27274,4965,952,"Fri Jul 13 20:07:02 +0000 2007","Storrs, CT"
"747587106","USCGradSchool","USC Graduate School","The USC Graduate School mission is to promote an outstanding educational experience, celebrate student achievements, & provide leadership for graduate education",2518,3208,453,"Thu Aug 09 17:17:35 +0000 2012","Los Angeles, CA"
"748367306","markpa84","Mark Paradis","Instructor in politics at Concordia U and Champlain College. PhD in political science from USC (poli psych and IR).",120,861,354,"Fri Aug 10 01:53:52 +0000 2012","Montr√©al, Qu√©bec"
"759251","CNN","CNN","It‚Äôs our job to #GoThere & tell the most difficult stories. For breaking news, follow @CNNBRK and download our app https://t.co/ceNBoNiGnE",60294303,387371,1104,"Fri Feb 09 00:35:02 +0000 2007",""
"764159546726113280","UscCis","USC CIS","The Center for International Studies (CIS) supports faculty and student research at the University of Southern California.",543,782,210,"Fri Aug 12 18:00:08 +0000 2016","Los Angeles, CA"
"76707735","QuinnipiacPoll","Quinnipiac University Poll","Independent, non-partisan national and statewide public opinion poll. 
Informing the nation on where voters stand on critical issues.",86607,3546,2,"Wed Sep 23 17:54:35 +0000 2009","Hamden, Connecticut"
"769857636","ke_wolf","Kayla Wolf","PhD Candidate @USCPOIR | Adjunct Prof @Pepperdine | gender & politics | @fordhamnyc alumna | she/her | Philly sports fan | loves Jeopardy, libraries & cheese",366,163,335,"Mon Aug 20 17:00:00 +0000 2012","Los Angeles, CA"
"791702110416936960","baggottcarter","Erin Baggott Carter","(ËµµÈõÖËä¨) Assistant Professor @USC, Hoover Fellow @Stanford @HooverInst, Nonresident Scholar @UCSD @21stCenturyChina. Chinese politics, foreign policy, propaganda.",2863,679,567,"Thu Oct 27 18:04:27 +0000 2016",""
"793991498","tysonsahib","Dr. Tyson Roberts","Political Scientist and my kids' favorite dad (their only dad, they'll tell you)",325,8107,641,"Fri Aug 31 14:33:09 +0000 2012",""
"807095","nytimes","The New York Times","News tips? Share them here: https://t.co/ghL9OoYKMM",54578983,488166,870,"Fri Mar 02 20:41:42 +0000 2007","New York City"
"813449437280423936","brett_l_carter","Brett Carter","Assistant Professor @USC, @HooverInst Fellow @Stanford. Politics + economics in autocracies. Good politicians = constrained politicians",8042,3700,701,"Mon Dec 26 18:20:33 +0000 2016","Palo Alto + Los Angeles"
"817200915065159681","NetDem_USC","NetDem Lab at USC","Networked Democracy Lab at @USC_SIR. Networks, text, social media, political behavior. Tweets by @p_barbera & @badawy8692",91,38,20,"Fri Jan 06 02:47:35 +0000 2017","Los Angeles, CA"
"826285384262774784","yesthatabbywood","Abby Wood","Professor of Law at USC researching law & politics, campaign finance, bureaucracy, and transparency. Also pretty into üö≤. I tweet in my personal capacity.",3173,1448,2235,"Tue Jan 31 04:26:02 +0000 2017","Los Angeles, CA"
"831967839581990912","MarcoMilani05","Marco Milani","Assistant Professor at Universit√† di Bologna.",399,350,385,"Wed Feb 15 20:46:05 +0000 2017","Bologna"
"838396926","theWPSA","Western Political Science Association - #WPSA23","We are the Western Political Science Association || See you at #WPSA23 in SF April 6-8 | link to submit in bio",6608,7179,3612,"Fri Sep 21 19:09:57 +0000 2012","The West"
"839235646921199616","USCVillage","USC Village","USC Village is a $700 million retail-residential development - and the largest development in the history of South Los Angeles.",464,84,98,"Tue Mar 07 22:05:45 +0000 2017","Los Angeles, CA"
"844612830062166017","AliciaRrChen","Alicia R. Chen","Ph.D. student @StanfordPoliSci studying IR and China // Prev: @ESoConflict",350,96,436,"Wed Mar 22 18:12:45 +0000 2017","Stanford, CA"
"846427416473944064","uscprovost","USC Office of the Provost","The official Twitter account of the USC Office of the Provost. We share links to USC news and our Provost's news and blog at: https://t.co/fWfVabquAw.",2515,3872,1195,"Mon Mar 27 18:23:16 +0000 2017","Los Angeles, CA"
"849289375544299520","SPECLabUSC","Security and Political Economy (SPEC) Lab","We conduct research on climate change, security, economic development and human rights. PIs: Ben Graham, Jon Markowitz & @BeckerLabUSC. Director: Alix Ziff.",530,632,284,"Tue Apr 04 15:55:40 +0000 2017","Univ of Southern California"
"872858864215044096","SteffiNeumeier","Stefanie Neumeier","PhD candidate in Political Science and International Relations | MS in Applied Economics | USC | focus on migration, refugee protection, and political networks",144,37,176,"Thu Jun 08 16:52:24 +0000 2017","United States"
"876528586664038400","BeckerLabUSC","Dr. Megan Becker","#FirstGen Political Scientist @uscpoir. Interests in civil war, mercenaries, undergraduate research and research transparency. PI @SPECLabUSC. She/Hers",1568,4886,1272,"Sun Jun 18 19:54:34 +0000 2017","California, USA"
"885608213420191744","jandrewsinclair","Andy Sinclair","Assistant Professor, Claremont McKenna College (formerly, NYU Wagner).  Teaching courses in Public Policy & American Government and Politics.",1006,2420,4998,"Thu Jul 13 21:13:46 +0000 2017","Los Angeles, CA"
"887129268","Bknafou","Brian Knafou PhD","PhD in Political Science at @uscpoir. I live for comparative politics and the NBA. Interested in the MENA region, religion & politics, and text as data.",156,162,526,"Wed Oct 17 16:26:35 +0000 2012","Los Angeles, CA"
"89544886","USCPrice","USC Price School","USC Sol Price School of Public Policy -- shaping the world since 1929. Our mission is to improve the quality of life for people and their communities.",8270,17627,1839,"Thu Nov 12 21:25:24 +0000 2009","Los Angeles, CA"
"895845174642786309","MiaSpeier","Mia Speier","now @uniofoxford | working on @ypgmf | alum @usc intl relations + public diplomacy üåç | fmr @rcfp @statedept @cfr_org @helsinkicomm | mellow rock fan | she/her",960,1891,1597,"Fri Aug 11 03:11:48 +0000 2017","Oxford, United Kingdom"
"902957518585921536","USCMidEast","USC Middle East Studies","The Department of Middle East Studies @USC is committed to the teaching and study of the MENA region, with an emphasis on sustainability & globalization. #MDES",202,64,182,"Wed Aug 30 18:13:43 +0000 2017","Los Angeles, CA"
"905416143313219584","NBCNewsTHINK","NBC News THINK","THINK is NBC News' home for fresh opinion, sharp analysis and powerful essays.",25518,11774,1128,"Wed Sep 06 13:03:25 +0000 2017","Manhattan, NY"
"913639058","notstevenwhite","Steven White","Assistant professor, @SUPoliSci. I study war and civil rights (https://t.co/mhIoRuxA8W), the political influence of the police (in progress), & more.",9255,13769,2181,"Tue Oct 30 01:32:58 +0000 2012",""
"917551703578238976","kelly_zvobgo","Dr. Kelebogile Zvobgo (she/her)","Assistant Prof of Government @williamandmary, Director @IntlJusticeLab ‚Ä¢ Affiliate @Global_WM, Editorial Board @JofHumanRights ‚Ä¢ Ph.D. @USC, B.A. @pomonacollege",10198,27259,1365,"Tue Oct 10 00:45:48 +0000 2017","Occupied Powhatan Territory"
"923006765129613312","V_Chonn","Victoria Chonn-Ching","Political Economist, China & Latin America, Postdoc @usc, Former fellow @gdpc_bu, Alumna @uscpoir & @michiganchina, First-gen, Like/Retweet ‚â† Endorsement",475,1073,571,"Wed Oct 25 02:02:16 +0000 2017",""
"93798559","LATrojans","LA Trojans","",1363,1222,370,"Tue Dec 01 05:38:46 +0000 2009","Los Angeles, CA"
"948363754541957121","ErumJaffrey","Erum","Multimedia Journalist/TV Writer üé• I cover geopolitics and write comedy...I'm multifaceted I swear... now @ajplus, prev @CNNI @USAToday @CBSNews ÿßŸÑÿπÿ±ÿ®Ÿäÿ©/ÿßÿ±ÿØŸà",261,796,935,"Wed Jan 03 01:21:53 +0000 2018","CDMX | LA"
"950492939054022656","USC_GSS","USC Dept. of Gender & Sexuality Studies","Official Twitter for the Department of Gender & Sexuality Studies at USC. Follow us for info on our growing department & USC news concerning gender & sexuality.",551,1154,218,"Mon Jan 08 22:22:30 +0000 2018","Los Angeles, CA"
"960353869","PSRMJournal","PSRM Journal","Political Science Research and Methods: The journal of #EPSA (European Political Science Association), edited by Paul Kellstedt (@PKellstedt), published by CUP",8269,1274,902,"Tue Nov 20 11:56:58 +0000 2012",""
"963188298117074945","USC_GGInstitute","USC Global Governance Institute","USC Dornsife's Global Governance Institute explores critical global challenges and provides unique programming and events for both USC and local LA communities.",9,2,1,"Mon Feb 12 23:09:20 +0000 2018","Los Angeles, CA"
"963253747","USCdiglib","USC Digital Library","The USC Digital Library supports teaching, learning & research at USC by providing open access to a wide variety of digital materials & collections.",2731,3616,798,"Wed Nov 21 23:03:31 +0000 2012","Los Angeles, CA"
"979864728737538048","ayana_best","Ayana Best, Ph.D.","Assistant Professor @HowardU | @R2Policy Policy Associate | @uscpoir Alumnaüë©üèæ‚Äçüéì| @UCRiverside Alumna | ŒîŒ£Œò üî∫| unapologetically Black ‚úäüèæ",1342,585,346,"Fri Mar 30 23:35:31 +0000 2018","Los Angeles, CA"
"995283361","CanbolatSercan","Sercan Canbolat","Researching @UConnGlobal; Fellow @MTSCarleton; ABD @UConn POLS; Steering Comm. Member @UConnGlobal; @FulbrightPrgrm @SICSS_Istanbul #FPA #ArabicOCA #NLP #VIRP",2250,6158,5000,"Fri Dec 07 15:22:41 +0000 2012","New London, CT"
"999807846920241153","FabeGonz","Dr. Fabi√°n Naranjo Gonz√°lez","Ph.D. @USC | M.A. @usfca | B.A. @ucdavis | SoCal/L.A. | U.S. Air Force Reserve üá∫üá∏ ‚õîÔ∏ètweets are my own and do not represent nor reflect DoD or USAF‚õîÔ∏è",95,1095,246,"Fri May 25 00:22:21 +0000 2018","Los Angeles, CA"
